INSERT INTO bebedor VALUES ('12345677','Luis Pérez');
INSERT INTO bebedor VALUES ('12345678','José Pérez');
INSERT INTO bebedor VALUES ('11223344','Maria Gomez');
INSERT INTO bebedor VALUES ('11122333','Antonio Torres');
INSERT INTO bebedor VALUES ('87654321','Ana Suarez');

INSERT INTO bebida VALUES ('107','Frescolita');
INSERT INTO bebida VALUES ('108','Coca-Cola');
INSERT INTO bebida VALUES ('109','Merengada de oreo');
INSERT INTO bebida VALUES ('110','McFlurry pirulin');
INSERT INTO bebida VALUES ('111','Malta');

INSERT INTO fuente_soda VALUES ('1','La Montaña');
INSERT INTO fuente_soda VALUES ('2','La Fruteria');
INSERT INTO fuente_soda VALUES ('3','Versailles');
INSERT INTO fuente_soda VALUES ('4','Crema Paraíso');
INSERT INTO fuente_soda VALUES ('5','McDonalds');

INSERT INTO gusta VALUES ('87654321','110');
INSERT INTO gusta VALUES ('87654321','111');

INSERT INTO gusta VALUES ('11223344','109');
INSERT INTO gusta VALUES ('11223344','111');

INSERT INTO gusta VALUES ('12345677','108');
INSERT INTO gusta VALUES ('12345677','110');

INSERT INTO gusta VALUES ('12345678','107');
INSERT INTO gusta VALUES ('12345678','110');
INSERT INTO gusta VALUES ('12345678','111');

INSERT INTO frecuenta VALUES ('11223344','1');
INSERT INTO frecuenta VALUES ('87654321','2');

INSERT INTO vende VALUES ('1','107','150');
INSERT INTO vende VALUES ('1','109','500');
INSERT INTO vende VALUES ('1','111','100');
INSERT INTO vende VALUES ('2','108','300');
INSERT INTO vende VALUES ('2','109','500');
INSERT INTO vende VALUES ('3','107','200');
INSERT INTO vende VALUES ('3','108','200');
INSERT INTO vende VALUES ('4','108','150');
INSERT INTO vende VALUES ('5','110','1000');

